<beans xmlns="http://www.springframework.org/schema/beans"
	xmlns:xsi="http://www.w3.org/2001/XMLSchema-instance" xmlns:context="http://www.springframework.org/schema/context"
	xmlns:mvc="http://www.springframework.org/schema/mvc"
	xsi:schemaLocation="http://www.springframework.org/schema/beans
		http://www.springframework.org/schema/beans/spring-beans.xsd
		http://www.springframework.org/schema/context	http://www.springframework.org/schema/context/spring-context.xsd
		http://www.springframework.org/schema/mvc	http://www.springframework.org/schema/mvc/spring-mvc.xsd
		http://www.springframework.org/schema/aop	http://www.springframework.org/schema/aop/spring-aop-4.0.xsd
		http://www.springframework.org/schema/tx	http://www.springframework.org/schema/tx/spring-tx-4.0.xsd">
	<mvc:annotation-driven />
	<context:component-scan base-package="com.cts.*" />
	<context:annotation-config></context:annotation-config>
	<bean id="ds" class="org.apache.commons.dbcp.BasicDataSource">
		<property name="driverClassName"
			value="com.mysql.cj.jdbc.Driver" />
		<!-- value="com.mysql.jdbc.Driver" /> -->
		<property name="url" value="jdbc:mysql://localhost:3306/project" />
		<property name="username" value="root" />
		<property name="password" value="root" />
		<property name="initialSize" value="2" />
		<property name="maxActive" value="5" />
</bean>
	
	
	</beans>